<PAMDataset>
  <Metadata />
  <Metadata domain="Esri">
    <MDI key="PyramidResamplingType">NEAREST</MDI>
  </Metadata>
  <PAMRasterBand band="1">
    <Histograms>
      <HistItem>
        <HistMin>-128.5</HistMin>
        <HistMax>127.5</HistMax>
        <BucketCount>256</BucketCount>
        <IncludeOutOfRange>1</IncludeOutOfRange>
        <Approximate>0</Approximate>
        <HistCounts>0|0|0|0|0|0|0|0|0|0|0|0|0|0|0|0|0|0|0|0|0|0|0|0|0|0|0|0|0|0|0|0|0|0|0|0|0|0|0|0|0|0|0|0|0|0|0|0|0|0|0|0|0|0|0|0|0|0|0|0|0|0|0|0|0|0|0|0|0|0|0|0|0|0|0|0|0|0|0|0|0|0|0|0|0|0|0|0|0|0|0|0|0|0|0|0|0|0|0|0|0|0|0|0|0|0|0|0|0|0|0|0|0|0|0|0|0|0|0|0|0|0|0|0|0|0|0|0|0|5078058|9895325|246337|0|0|0|0|0|0|0|0|0|0|0|0|0|0|0|0|0|0|0|0|0|0|0|0|0|0|0|0|0|0|0|0|0|0|0|0|0|0|0|0|0|0|0|0|0|0|0|0|0|0|0|0|0|0|0|0|0|0|0|0|0|0|0|0|0|0|0|0|0|0|0|0|0|0|0|0|0|0|0|0|0|0|0|0|0|0|0|0|0|0|0|0|0|0|0|0|0|0|0|0|0|0|0|0|0|0|0|0|0|0|0|0|0|0|0|0|0|0|0|0|0|0|0|0</HistCounts>
      </HistItem>
    </Histograms>
    <GDALRasterAttributeTable>
      <FieldDefn index="0">
        <Name>OBJECTID</Name>
        <Type>0</Type>
        <Usage>0</Usage>
      </FieldDefn>
      <FieldDefn index="1">
        <Name>Value</Name>
        <Type>0</Type>
        <Usage>0</Usage>
      </FieldDefn>
      <FieldDefn index="2">
        <Name>Count</Name>
        <Type>1</Type>
        <Usage>0</Usage>
      </FieldDefn>
      <Row index="0">
        <F>1</F>
        <F>1</F>
        <F>5078058</F>
      </Row>
      <Row index="1">
        <F>2</F>
        <F>2</F>
        <F>9895325</F>
      </Row>
      <Row index="2">
        <F>3</F>
        <F>3</F>
        <F>246337</F>
      </Row>
    </GDALRasterAttributeTable>
    <Metadata>
      <MDI key="STATISTICS_MINIMUM">1</MDI>
      <MDI key="STATISTICS_MAXIMUM">3</MDI>
      <MDI key="STATISTICS_MEAN">1.6825354868552</MDI>
      <MDI key="STATISTICS_STDDEV">0.499050677537</MDI>
      <MDI key="STATISTICS_SKIPFACTORX">1</MDI>
      <MDI key="STATISTICS_SKIPFACTORY">1</MDI>
      <MDI key="STATISTICS_EXCLUDEDVALUES"></MDI>
      <MDI key="STATISTICS_COVARIANCES">0.249051578750143</MDI>
    </Metadata>
  </PAMRasterBand>
</PAMDataset>
